{
  "targets": {
    "Quality_Score": {
      "r2_cv": 0.9743884858867571,
      "r2_full": 0.9969524193747346,
      "mae": 1.1402980179838702,
      "rmse": 1.5651056135457317,
      "top_features": {
        "Compression_Force": 0.384211944059746,
        "Drying_Temp": 0.13783662182057022,
        "Binder_Amount": 0.1338726338578981
      }
    },
    "Yield_Score": {
      "r2_cv": 0.860070930327284,
      "r2_full": 0.9652620201415425,
      "mae": 0.8696134464560255,
      "rmse": 1.11085050796195,
      "top_features": {
        "Drying_Temp": 0.35091704125696904,
        "Binder_Amount": 0.1975603049268614,
        "Machine_Speed": 0.16587570041681118
      }
    },
    "Total_Energy_kWh": {
      "r2_cv": -0.051924151165516984,
      "r2_full": 0.7905158887441432,
      "mae": 10.138772205711886,
      "rmse": 12.058397748253357,
      "top_features": {
        "Drying_Time": 0.19504822355634677,
        "Drying_Temp": 0.19170660919676386,
        "Compression_Force": 0.18733070526530152
      }
    },
    "Carbon_kg_CO2": {
      "r2_cv": -0.06411562581070818,
      "r2_full": 0.7888412021709105,
      "mae": 8.268403917845118,
      "rmse": 9.89789995983295,
      "top_features": {
        "Compression_Force": 0.1951798960753225,
        "Drying_Temp": 0.19051429252021795,
        "Drying_Time": 0.18132877520243693
      }
    },
    "Performance_Score": {
      "r2_cv": 0.9021569852537892,
      "r2_full": 0.9819218839933309,
      "mae": 1.732634650580738,
      "rmse": 2.17783568568836,
      "top_features": {
        "Compression_Force": 0.2304060854977802,
        "Machine_Speed": 0.20047225672640764,
        "Drying_Temp": 0.173870936689513
      }
    }
  }
}